{
  "hash": "11966012",
  "configHash": "4fc44359",
  "lockfileHash": "6065008c",
  "browserHash": "dcd400b6",
  "optimized": {
    "@angular/animations": {
      "src": "../../../../../../node_modules/@angular/animations/fesm2022/animations.mjs",
      "file": "@angular_animations.js",
      "fileHash": "5f1690c4",
      "needsInterop": false
    },
    "@angular/common": {
      "src": "../../../../../../node_modules/@angular/common/fesm2022/common.mjs",
      "file": "@angular_common.js",
      "fileHash": "595916df",
      "needsInterop": false
    },
    "@angular/common/http": {
      "src": "../../../../../../node_modules/@angular/common/fesm2022/http.mjs",
      "file": "@angular_common_http.js",
      "fileHash": "ee621a5d",
      "needsInterop": false
    },
    "@angular/core": {
      "src": "../../../../../../node_modules/@angular/core/fesm2022/core.mjs",
      "file": "@angular_core.js",
      "fileHash": "cf936dbe",
      "needsInterop": false
    },
    "@angular/forms": {
      "src": "../../../../../../node_modules/@angular/forms/fesm2022/forms.mjs",
      "file": "@angular_forms.js",
      "fileHash": "643d9847",
      "needsInterop": false
    },
    "@angular/platform-browser": {
      "src": "../../../../../../node_modules/@angular/platform-browser/fesm2022/platform-browser.mjs",
      "file": "@angular_platform-browser.js",
      "fileHash": "d2b00402",
      "needsInterop": false
    },
    "@angular/platform-browser/animations": {
      "src": "../../../../../../node_modules/@angular/platform-browser/fesm2022/animations.mjs",
      "file": "@angular_platform-browser_animations.js",
      "fileHash": "382c9080",
      "needsInterop": false
    },
    "@angular/platform-browser/animations/async": {
      "src": "../../../../../../node_modules/@angular/platform-browser/fesm2022/animations/async.mjs",
      "file": "@angular_platform-browser_animations_async.js",
      "fileHash": "ccacafc6",
      "needsInterop": false
    },
    "@angular/router": {
      "src": "../../../../../../node_modules/@angular/router/fesm2022/router.mjs",
      "file": "@angular_router.js",
      "fileHash": "073b8968",
      "needsInterop": false
    },
    "@ngx-translate/core": {
      "src": "../../../../../../node_modules/@ngx-translate/core/fesm2022/ngx-translate-core.mjs",
      "file": "@ngx-translate_core.js",
      "fileHash": "0f6396e5",
      "needsInterop": false
    },
    "@primeng/themes": {
      "src": "../../../../../../node_modules/@primeng/themes/index.mjs",
      "file": "@primeng_themes.js",
      "fileHash": "1624ebf8",
      "needsInterop": false
    },
    "@primeng/themes/aura": {
      "src": "../../../../../../node_modules/@primeng/themes/aura/index.mjs",
      "file": "@primeng_themes_aura.js",
      "fileHash": "bfe0d3eb",
      "needsInterop": false
    },
    "@primeng/themes/lara": {
      "src": "../../../../../../node_modules/@primeng/themes/lara/index.mjs",
      "file": "@primeng_themes_lara.js",
      "fileHash": "c8c59970",
      "needsInterop": false
    },
    "@primeng/themes/nora": {
      "src": "../../../../../../node_modules/@primeng/themes/nora/index.mjs",
      "file": "@primeng_themes_nora.js",
      "fileHash": "d9be1efd",
      "needsInterop": false
    },
    "ngx-cookie-service": {
      "src": "../../../../../../node_modules/ngx-cookie-service/fesm2022/ngx-cookie-service.mjs",
      "file": "ngx-cookie-service.js",
      "fileHash": "bbaa0b03",
      "needsInterop": false
    },
    "ngx-spinner": {
      "src": "../../../../../../node_modules/ngx-spinner/fesm2022/ngx-spinner.mjs",
      "file": "ngx-spinner.js",
      "fileHash": "e1fbef01",
      "needsInterop": false
    },
    "primeng/button": {
      "src": "../../../../../../node_modules/primeng/fesm2022/primeng-button.mjs",
      "file": "primeng_button.js",
      "fileHash": "93e59c6f",
      "needsInterop": false
    },
    "primeng/checkbox": {
      "src": "../../../../../../node_modules/primeng/fesm2022/primeng-checkbox.mjs",
      "file": "primeng_checkbox.js",
      "fileHash": "d44744c0",
      "needsInterop": false
    },
    "primeng/config": {
      "src": "../../../../../../node_modules/primeng/fesm2022/primeng-config.mjs",
      "file": "primeng_config.js",
      "fileHash": "50058f41",
      "needsInterop": false
    },
    "primeng/inputtext": {
      "src": "../../../../../../node_modules/primeng/fesm2022/primeng-inputtext.mjs",
      "file": "primeng_inputtext.js",
      "fileHash": "680df43a",
      "needsInterop": false
    },
    "primeng/menu": {
      "src": "../../../../../../node_modules/primeng/fesm2022/primeng-menu.mjs",
      "file": "primeng_menu.js",
      "fileHash": "19afac20",
      "needsInterop": false
    },
    "primeng/password": {
      "src": "../../../../../../node_modules/primeng/fesm2022/primeng-password.mjs",
      "file": "primeng_password.js",
      "fileHash": "af579153",
      "needsInterop": false
    },
    "primeng/ripple": {
      "src": "../../../../../../node_modules/primeng/fesm2022/primeng-ripple.mjs",
      "file": "primeng_ripple.js",
      "fileHash": "d1dd174d",
      "needsInterop": false
    },
    "primeng/selectbutton": {
      "src": "../../../../../../node_modules/primeng/fesm2022/primeng-selectbutton.mjs",
      "file": "primeng_selectbutton.js",
      "fileHash": "20a70d94",
      "needsInterop": false
    },
    "primeng/styleclass": {
      "src": "../../../../../../node_modules/primeng/fesm2022/primeng-styleclass.mjs",
      "file": "primeng_styleclass.js",
      "fileHash": "293302ee",
      "needsInterop": false
    },
    "primeng/table": {
      "src": "../../../../../../node_modules/primeng/fesm2022/primeng-table.mjs",
      "file": "primeng_table.js",
      "fileHash": "2fe1292b",
      "needsInterop": false
    },
    "primeng/toast": {
      "src": "../../../../../../node_modules/primeng/fesm2022/primeng-toast.mjs",
      "file": "primeng_toast.js",
      "fileHash": "6785a89d",
      "needsInterop": false
    },
    "rxjs": {
      "src": "../../../../../../node_modules/rxjs/dist/esm5/index.js",
      "file": "rxjs.js",
      "fileHash": "307e26b0",
      "needsInterop": false
    },
    "rxjs/operators": {
      "src": "../../../../../../node_modules/rxjs/dist/esm5/operators/index.js",
      "file": "rxjs_operators.js",
      "fileHash": "1407a27f",
      "needsInterop": false
    },
    "primeng/select": {
      "src": "../../../../../../node_modules/primeng/fesm2022/primeng-select.mjs",
      "file": "primeng_select.js",
      "fileHash": "82bc5232",
      "needsInterop": false
    },
    "primeng/fluid": {
      "src": "../../../../../../node_modules/primeng/fesm2022/primeng-fluid.mjs",
      "file": "primeng_fluid.js",
      "fileHash": "4b111abc",
      "needsInterop": false
    },
    "primeng/textarea": {
      "src": "../../../../../../node_modules/primeng/fesm2022/primeng-textarea.mjs",
      "file": "primeng_textarea.js",
      "fileHash": "256b9835",
      "needsInterop": false
    },
    "primeng/floatlabel": {
      "src": "../../../../../../node_modules/primeng/fesm2022/primeng-floatlabel.mjs",
      "file": "primeng_floatlabel.js",
      "fileHash": "d3f2f048",
      "needsInterop": false
    },
    "primeng/inputmask": {
      "src": "../../../../../../node_modules/primeng/fesm2022/primeng-inputmask.mjs",
      "file": "primeng_inputmask.js",
      "fileHash": "f10bfd95",
      "needsInterop": false
    }
  },
  "chunks": {
    "browser-AK3AZWYB": {
      "file": "browser-AK3AZWYB.js"
    },
    "chunk-P6QX44IX": {
      "file": "chunk-P6QX44IX.js"
    },
    "chunk-QPX6L3TP": {
      "file": "chunk-QPX6L3TP.js"
    },
    "chunk-W7QCCZ4D": {
      "file": "chunk-W7QCCZ4D.js"
    },
    "chunk-KPWE2NRQ": {
      "file": "chunk-KPWE2NRQ.js"
    },
    "chunk-H66BYA6Z": {
      "file": "chunk-H66BYA6Z.js"
    },
    "chunk-WJKM3ZUF": {
      "file": "chunk-WJKM3ZUF.js"
    },
    "chunk-ATOBYA4S": {
      "file": "chunk-ATOBYA4S.js"
    },
    "chunk-NMOYQVAO": {
      "file": "chunk-NMOYQVAO.js"
    },
    "chunk-GQITGLQ3": {
      "file": "chunk-GQITGLQ3.js"
    },
    "chunk-WASTEWFW": {
      "file": "chunk-WASTEWFW.js"
    },
    "chunk-Z663KQUL": {
      "file": "chunk-Z663KQUL.js"
    },
    "chunk-KMWP3TDT": {
      "file": "chunk-KMWP3TDT.js"
    },
    "chunk-5G7WYC4N": {
      "file": "chunk-5G7WYC4N.js"
    },
    "chunk-ASHDNBBE": {
      "file": "chunk-ASHDNBBE.js"
    },
    "chunk-F6VVV7A2": {
      "file": "chunk-F6VVV7A2.js"
    },
    "chunk-ABMLCUU5": {
      "file": "chunk-ABMLCUU5.js"
    },
    "chunk-TZIJKBMI": {
      "file": "chunk-TZIJKBMI.js"
    },
    "chunk-YAPJLE7E": {
      "file": "chunk-YAPJLE7E.js"
    },
    "chunk-UMHAA6QL": {
      "file": "chunk-UMHAA6QL.js"
    },
    "chunk-J2347JD2": {
      "file": "chunk-J2347JD2.js"
    },
    "chunk-P73PIM3P": {
      "file": "chunk-P73PIM3P.js"
    },
    "chunk-4MZE5ERV": {
      "file": "chunk-4MZE5ERV.js"
    },
    "chunk-EWYPZBPJ": {
      "file": "chunk-EWYPZBPJ.js"
    },
    "chunk-UMAXZX7C": {
      "file": "chunk-UMAXZX7C.js"
    },
    "chunk-SAS3ZIMR": {
      "file": "chunk-SAS3ZIMR.js"
    },
    "chunk-4N4GOYJH": {
      "file": "chunk-4N4GOYJH.js"
    },
    "chunk-5OPE3T2R": {
      "file": "chunk-5OPE3T2R.js"
    },
    "chunk-FHTVLBLO": {
      "file": "chunk-FHTVLBLO.js"
    },
    "chunk-WDMUDEB6": {
      "file": "chunk-WDMUDEB6.js"
    }
  }
}