{
  "hash": "d6f8a6c6",
  "configHash": "a69a2d0f",
  "lockfileHash": "6065008c",
  "browserHash": "b4e4bc2b",
  "optimized": {
    "@angular/animations": {
      "src": "../../../../../../node_modules/@angular/animations/fesm2022/animations.mjs",
      "file": "@angular_animations.js",
      "fileHash": "127e60ab",
      "needsInterop": false
    },
    "@angular/common": {
      "src": "../../../../../../node_modules/@angular/common/fesm2022/common.mjs",
      "file": "@angular_common.js",
      "fileHash": "65674e2b",
      "needsInterop": false
    },
    "@angular/common/http": {
      "src": "../../../../../../node_modules/@angular/common/fesm2022/http.mjs",
      "file": "@angular_common_http.js",
      "fileHash": "f4583ef5",
      "needsInterop": false
    },
    "@angular/core": {
      "src": "../../../../../../node_modules/@angular/core/fesm2022/core.mjs",
      "file": "@angular_core.js",
      "fileHash": "11a9a130",
      "needsInterop": false
    },
    "@angular/forms": {
      "src": "../../../../../../node_modules/@angular/forms/fesm2022/forms.mjs",
      "file": "@angular_forms.js",
      "fileHash": "5102c653",
      "needsInterop": false
    },
    "@angular/platform-browser": {
      "src": "../../../../../../node_modules/@angular/platform-browser/fesm2022/platform-browser.mjs",
      "file": "@angular_platform-browser.js",
      "fileHash": "5615e2cd",
      "needsInterop": false
    },
    "@angular/platform-browser/animations": {
      "src": "../../../../../../node_modules/@angular/platform-browser/fesm2022/animations.mjs",
      "file": "@angular_platform-browser_animations.js",
      "fileHash": "a5ba31e2",
      "needsInterop": false
    },
    "@angular/platform-browser/animations/async": {
      "src": "../../../../../../node_modules/@angular/platform-browser/fesm2022/animations/async.mjs",
      "file": "@angular_platform-browser_animations_async.js",
      "fileHash": "57520a44",
      "needsInterop": false
    },
    "@angular/router": {
      "src": "../../../../../../node_modules/@angular/router/fesm2022/router.mjs",
      "file": "@angular_router.js",
      "fileHash": "a0c133d6",
      "needsInterop": false
    },
    "@ngx-translate/core": {
      "src": "../../../../../../node_modules/@ngx-translate/core/fesm2022/ngx-translate-core.mjs",
      "file": "@ngx-translate_core.js",
      "fileHash": "26312768",
      "needsInterop": false
    },
    "@primeng/themes": {
      "src": "../../../../../../node_modules/@primeng/themes/index.mjs",
      "file": "@primeng_themes.js",
      "fileHash": "32e3a2aa",
      "needsInterop": false
    },
    "@primeng/themes/aura": {
      "src": "../../../../../../node_modules/@primeng/themes/aura/index.mjs",
      "file": "@primeng_themes_aura.js",
      "fileHash": "97099f7c",
      "needsInterop": false
    },
    "@primeng/themes/lara": {
      "src": "../../../../../../node_modules/@primeng/themes/lara/index.mjs",
      "file": "@primeng_themes_lara.js",
      "fileHash": "d7dc8454",
      "needsInterop": false
    },
    "@primeng/themes/nora": {
      "src": "../../../../../../node_modules/@primeng/themes/nora/index.mjs",
      "file": "@primeng_themes_nora.js",
      "fileHash": "66663926",
      "needsInterop": false
    },
    "ngx-cookie-service": {
      "src": "../../../../../../node_modules/ngx-cookie-service/fesm2022/ngx-cookie-service.mjs",
      "file": "ngx-cookie-service.js",
      "fileHash": "3ab524e3",
      "needsInterop": false
    },
    "ngx-spinner": {
      "src": "../../../../../../node_modules/ngx-spinner/fesm2022/ngx-spinner.mjs",
      "file": "ngx-spinner.js",
      "fileHash": "5dda185d",
      "needsInterop": false
    },
    "primeng/button": {
      "src": "../../../../../../node_modules/primeng/fesm2022/primeng-button.mjs",
      "file": "primeng_button.js",
      "fileHash": "f070c2f4",
      "needsInterop": false
    },
    "primeng/checkbox": {
      "src": "../../../../../../node_modules/primeng/fesm2022/primeng-checkbox.mjs",
      "file": "primeng_checkbox.js",
      "fileHash": "72811688",
      "needsInterop": false
    },
    "primeng/config": {
      "src": "../../../../../../node_modules/primeng/fesm2022/primeng-config.mjs",
      "file": "primeng_config.js",
      "fileHash": "583d4810",
      "needsInterop": false
    },
    "primeng/floatlabel": {
      "src": "../../../../../../node_modules/primeng/fesm2022/primeng-floatlabel.mjs",
      "file": "primeng_floatlabel.js",
      "fileHash": "9eec2097",
      "needsInterop": false
    },
    "primeng/fluid": {
      "src": "../../../../../../node_modules/primeng/fesm2022/primeng-fluid.mjs",
      "file": "primeng_fluid.js",
      "fileHash": "d0453814",
      "needsInterop": false
    },
    "primeng/inputmask": {
      "src": "../../../../../../node_modules/primeng/fesm2022/primeng-inputmask.mjs",
      "file": "primeng_inputmask.js",
      "fileHash": "1b622bb0",
      "needsInterop": false
    },
    "primeng/inputtext": {
      "src": "../../../../../../node_modules/primeng/fesm2022/primeng-inputtext.mjs",
      "file": "primeng_inputtext.js",
      "fileHash": "ed692529",
      "needsInterop": false
    },
    "primeng/menu": {
      "src": "../../../../../../node_modules/primeng/fesm2022/primeng-menu.mjs",
      "file": "primeng_menu.js",
      "fileHash": "520053ad",
      "needsInterop": false
    },
    "primeng/password": {
      "src": "../../../../../../node_modules/primeng/fesm2022/primeng-password.mjs",
      "file": "primeng_password.js",
      "fileHash": "59dd0ceb",
      "needsInterop": false
    },
    "primeng/ripple": {
      "src": "../../../../../../node_modules/primeng/fesm2022/primeng-ripple.mjs",
      "file": "primeng_ripple.js",
      "fileHash": "053d4dad",
      "needsInterop": false
    },
    "primeng/select": {
      "src": "../../../../../../node_modules/primeng/fesm2022/primeng-select.mjs",
      "file": "primeng_select.js",
      "fileHash": "f74952f1",
      "needsInterop": false
    },
    "primeng/selectbutton": {
      "src": "../../../../../../node_modules/primeng/fesm2022/primeng-selectbutton.mjs",
      "file": "primeng_selectbutton.js",
      "fileHash": "992e106e",
      "needsInterop": false
    },
    "primeng/styleclass": {
      "src": "../../../../../../node_modules/primeng/fesm2022/primeng-styleclass.mjs",
      "file": "primeng_styleclass.js",
      "fileHash": "d949b163",
      "needsInterop": false
    },
    "primeng/table": {
      "src": "../../../../../../node_modules/primeng/fesm2022/primeng-table.mjs",
      "file": "primeng_table.js",
      "fileHash": "2bfd879c",
      "needsInterop": false
    },
    "primeng/textarea": {
      "src": "../../../../../../node_modules/primeng/fesm2022/primeng-textarea.mjs",
      "file": "primeng_textarea.js",
      "fileHash": "fb13f4d2",
      "needsInterop": false
    },
    "primeng/toast": {
      "src": "../../../../../../node_modules/primeng/fesm2022/primeng-toast.mjs",
      "file": "primeng_toast.js",
      "fileHash": "1950b885",
      "needsInterop": false
    },
    "rxjs": {
      "src": "../../../../../../node_modules/rxjs/dist/esm5/index.js",
      "file": "rxjs.js",
      "fileHash": "1f2f4478",
      "needsInterop": false
    },
    "rxjs/operators": {
      "src": "../../../../../../node_modules/rxjs/dist/esm5/operators/index.js",
      "file": "rxjs_operators.js",
      "fileHash": "c7534d8d",
      "needsInterop": false
    },
    "primeng/stepper": {
      "src": "../../../../../../node_modules/primeng/fesm2022/primeng-stepper.mjs",
      "file": "primeng_stepper.js",
      "fileHash": "754e2755",
      "needsInterop": false
    },
    "primeng/fileupload": {
      "src": "../../../../../../node_modules/primeng/fesm2022/primeng-fileupload.mjs",
      "file": "primeng_fileupload.js",
      "fileHash": "a1232569",
      "needsInterop": false
    },
    "primeng/api": {
      "src": "../../../../../../node_modules/primeng/fesm2022/primeng-api.mjs",
      "file": "primeng_api.js",
      "fileHash": "87496be1",
      "needsInterop": false
    },
    "primeng/datepicker": {
      "src": "../../../../../../node_modules/primeng/fesm2022/primeng-datepicker.mjs",
      "file": "primeng_datepicker.js",
      "fileHash": "64fb7463",
      "needsInterop": false
    },
    "primeng/inputicon": {
      "src": "../../../../../../node_modules/primeng/fesm2022/primeng-inputicon.mjs",
      "file": "primeng_inputicon.js",
      "fileHash": "5cc3bd6b",
      "needsInterop": false
    },
    "primeng/iconfield": {
      "src": "../../../../../../node_modules/primeng/fesm2022/primeng-iconfield.mjs",
      "file": "primeng_iconfield.js",
      "fileHash": "a6a74ec0",
      "needsInterop": false
    },
    "primeng/progressbar": {
      "src": "../../../../../../node_modules/primeng/fesm2022/primeng-progressbar.mjs",
      "file": "primeng_progressbar.js",
      "fileHash": "829cde63",
      "needsInterop": false
    },
    "primeng/tag": {
      "src": "../../../../../../node_modules/primeng/fesm2022/primeng-tag.mjs",
      "file": "primeng_tag.js",
      "fileHash": "6f73cb7e",
      "needsInterop": false
    },
    "primeng/rating": {
      "src": "../../../../../../node_modules/primeng/fesm2022/primeng-rating.mjs",
      "file": "primeng_rating.js",
      "fileHash": "332a12a9",
      "needsInterop": false
    },
    "primeng/knob": {
      "src": "../../../../../../node_modules/primeng/fesm2022/primeng-knob.mjs",
      "file": "primeng_knob.js",
      "fileHash": "7f27578f",
      "needsInterop": false
    },
    "primeng/dialog": {
      "src": "../../../../../../node_modules/primeng/fesm2022/primeng-dialog.mjs",
      "file": "primeng_dialog.js",
      "fileHash": "876be3a0",
      "needsInterop": false
    },
    "primeng/inputgroup": {
      "src": "../../../../../../node_modules/primeng/fesm2022/primeng-inputgroup.mjs",
      "file": "primeng_inputgroup.js",
      "fileHash": "13e52d84",
      "needsInterop": false
    },
    "primeng/dynamicdialog": {
      "src": "../../../../../../node_modules/primeng/fesm2022/primeng-dynamicdialog.mjs",
      "file": "primeng_dynamicdialog.js",
      "fileHash": "e2514c5d",
      "needsInterop": false
    },
    "primeng/togglebutton": {
      "src": "../../../../../../node_modules/primeng/fesm2022/primeng-togglebutton.mjs",
      "file": "primeng_togglebutton.js",
      "fileHash": "17c05bb7",
      "needsInterop": false
    },
    "primeng/inputgroupaddon": {
      "src": "../../../../../../node_modules/primeng/fesm2022/primeng-inputgroupaddon.mjs",
      "file": "primeng_inputgroupaddon.js",
      "fileHash": "e04bd601",
      "needsInterop": false
    }
  },
  "chunks": {
    "browser-RP3TOTQY": {
      "file": "browser-RP3TOTQY.js"
    },
    "chunk-KSZLINGD": {
      "file": "chunk-KSZLINGD.js"
    },
    "chunk-VVTQTJMU": {
      "file": "chunk-VVTQTJMU.js"
    },
    "chunk-IMUFAX2V": {
      "file": "chunk-IMUFAX2V.js"
    },
    "chunk-UJKSUYVK": {
      "file": "chunk-UJKSUYVK.js"
    },
    "chunk-3I7G34CF": {
      "file": "chunk-3I7G34CF.js"
    },
    "chunk-D3PBGI6P": {
      "file": "chunk-D3PBGI6P.js"
    },
    "chunk-WLMJA3XV": {
      "file": "chunk-WLMJA3XV.js"
    },
    "chunk-5H5CNZCN": {
      "file": "chunk-5H5CNZCN.js"
    },
    "chunk-VCFGGAZJ": {
      "file": "chunk-VCFGGAZJ.js"
    },
    "chunk-JFVDWN73": {
      "file": "chunk-JFVDWN73.js"
    },
    "chunk-6VQIQBLC": {
      "file": "chunk-6VQIQBLC.js"
    },
    "chunk-KSODYIWW": {
      "file": "chunk-KSODYIWW.js"
    },
    "chunk-AAJVSHLH": {
      "file": "chunk-AAJVSHLH.js"
    },
    "chunk-6I73WHBV": {
      "file": "chunk-6I73WHBV.js"
    },
    "chunk-5G7WYC4N": {
      "file": "chunk-5G7WYC4N.js"
    },
    "chunk-VC3NYXFR": {
      "file": "chunk-VC3NYXFR.js"
    },
    "chunk-HPFLDU3E": {
      "file": "chunk-HPFLDU3E.js"
    },
    "chunk-CS3INPKE": {
      "file": "chunk-CS3INPKE.js"
    },
    "chunk-GQITGLQ3": {
      "file": "chunk-GQITGLQ3.js"
    },
    "chunk-C5YOPFVN": {
      "file": "chunk-C5YOPFVN.js"
    },
    "chunk-6G264ZPL": {
      "file": "chunk-6G264ZPL.js"
    },
    "chunk-CYZYP3E2": {
      "file": "chunk-CYZYP3E2.js"
    },
    "chunk-4L5OZKZM": {
      "file": "chunk-4L5OZKZM.js"
    },
    "chunk-YHD3JRV5": {
      "file": "chunk-YHD3JRV5.js"
    },
    "chunk-SDZ54SLT": {
      "file": "chunk-SDZ54SLT.js"
    },
    "chunk-UMHAA6QL": {
      "file": "chunk-UMHAA6QL.js"
    },
    "chunk-J2347JD2": {
      "file": "chunk-J2347JD2.js"
    },
    "chunk-4MZE5ERV": {
      "file": "chunk-4MZE5ERV.js"
    },
    "chunk-EWYPZBPJ": {
      "file": "chunk-EWYPZBPJ.js"
    },
    "chunk-P73PIM3P": {
      "file": "chunk-P73PIM3P.js"
    },
    "chunk-UMAXZX7C": {
      "file": "chunk-UMAXZX7C.js"
    },
    "chunk-SAS3ZIMR": {
      "file": "chunk-SAS3ZIMR.js"
    },
    "chunk-5OPE3T2R": {
      "file": "chunk-5OPE3T2R.js"
    },
    "chunk-4N4GOYJH": {
      "file": "chunk-4N4GOYJH.js"
    },
    "chunk-FHTVLBLO": {
      "file": "chunk-FHTVLBLO.js"
    },
    "chunk-WDMUDEB6": {
      "file": "chunk-WDMUDEB6.js"
    }
  }
}