{
  "hash": "86e3d8a0",
  "configHash": "36390402",
  "lockfileHash": "95d4517b",
  "browserHash": "0d15d8af",
  "optimized": {
    "@angular/common": {
      "src": "../../../../../../node_modules/@angular/common/fesm2022/common.mjs",
      "file": "@angular_common.js",
      "fileHash": "c56a7eb8",
      "needsInterop": false
    },
    "@angular/common/http": {
      "src": "../../../../../../node_modules/@angular/common/fesm2022/http.mjs",
      "file": "@angular_common_http.js",
      "fileHash": "663f9216",
      "needsInterop": false
    },
    "@angular/core": {
      "src": "../../../../../../node_modules/@angular/core/fesm2022/core.mjs",
      "file": "@angular_core.js",
      "fileHash": "3df1167a",
      "needsInterop": false
    },
    "@angular/forms": {
      "src": "../../../../../../node_modules/@angular/forms/fesm2022/forms.mjs",
      "file": "@angular_forms.js",
      "fileHash": "9cad27e1",
      "needsInterop": false
    },
    "@angular/platform-browser": {
      "src": "../../../../../../node_modules/@angular/platform-browser/fesm2022/platform-browser.mjs",
      "file": "@angular_platform-browser.js",
      "fileHash": "5fa9cbd4",
      "needsInterop": false
    },
    "@angular/platform-browser/animations/async": {
      "src": "../../../../../../node_modules/@angular/platform-browser/fesm2022/animations/async.mjs",
      "file": "@angular_platform-browser_animations_async.js",
      "fileHash": "1d2770e0",
      "needsInterop": false
    },
    "@angular/router": {
      "src": "../../../../../../node_modules/@angular/router/fesm2022/router.mjs",
      "file": "@angular_router.js",
      "fileHash": "663130b4",
      "needsInterop": false
    },
    "@primeng/themes": {
      "src": "../../../../../../node_modules/@primeng/themes/index.mjs",
      "file": "@primeng_themes.js",
      "fileHash": "15fe3d73",
      "needsInterop": false
    },
    "@primeng/themes/aura": {
      "src": "../../../../../../node_modules/@primeng/themes/aura/index.mjs",
      "file": "@primeng_themes_aura.js",
      "fileHash": "9fd1cd6b",
      "needsInterop": false
    },
    "@primeng/themes/lara": {
      "src": "../../../../../../node_modules/@primeng/themes/lara/index.mjs",
      "file": "@primeng_themes_lara.js",
      "fileHash": "8f01cd25",
      "needsInterop": false
    },
    "@primeng/themes/nora": {
      "src": "../../../../../../node_modules/@primeng/themes/nora/index.mjs",
      "file": "@primeng_themes_nora.js",
      "fileHash": "fdd6d9a5",
      "needsInterop": false
    },
    "primeng/button": {
      "src": "../../../../../../node_modules/primeng/fesm2022/primeng-button.mjs",
      "file": "primeng_button.js",
      "fileHash": "d2d1e78f",
      "needsInterop": false
    },
    "primeng/checkbox": {
      "src": "../../../../../../node_modules/primeng/fesm2022/primeng-checkbox.mjs",
      "file": "primeng_checkbox.js",
      "fileHash": "3e4ed23f",
      "needsInterop": false
    },
    "primeng/config": {
      "src": "../../../../../../node_modules/primeng/fesm2022/primeng-config.mjs",
      "file": "primeng_config.js",
      "fileHash": "6c763cbf",
      "needsInterop": false
    },
    "primeng/inputtext": {
      "src": "../../../../../../node_modules/primeng/fesm2022/primeng-inputtext.mjs",
      "file": "primeng_inputtext.js",
      "fileHash": "4aef5ac9",
      "needsInterop": false
    },
    "primeng/password": {
      "src": "../../../../../../node_modules/primeng/fesm2022/primeng-password.mjs",
      "file": "primeng_password.js",
      "fileHash": "9b15f2ae",
      "needsInterop": false
    },
    "primeng/ripple": {
      "src": "../../../../../../node_modules/primeng/fesm2022/primeng-ripple.mjs",
      "file": "primeng_ripple.js",
      "fileHash": "576ea9c6",
      "needsInterop": false
    },
    "primeng/selectbutton": {
      "src": "../../../../../../node_modules/primeng/fesm2022/primeng-selectbutton.mjs",
      "file": "primeng_selectbutton.js",
      "fileHash": "2a8c4e54",
      "needsInterop": false
    },
    "primeng/styleclass": {
      "src": "../../../../../../node_modules/primeng/fesm2022/primeng-styleclass.mjs",
      "file": "primeng_styleclass.js",
      "fileHash": "869f9f69",
      "needsInterop": false
    },
    "rxjs": {
      "src": "../../../../../../node_modules/rxjs/dist/esm5/index.js",
      "file": "rxjs.js",
      "fileHash": "2580cbe7",
      "needsInterop": false
    }
  },
  "chunks": {
    "browser-2ROD2LU3": {
      "file": "browser-2ROD2LU3.js"
    },
    "chunk-MIYLNDD2": {
      "file": "chunk-MIYLNDD2.js"
    },
    "chunk-DYRG7XCH": {
      "file": "chunk-DYRG7XCH.js"
    },
    "chunk-TZLYPQZM": {
      "file": "chunk-TZLYPQZM.js"
    },
    "chunk-H5N44WSS": {
      "file": "chunk-H5N44WSS.js"
    },
    "chunk-RVFPAGTU": {
      "file": "chunk-RVFPAGTU.js"
    },
    "chunk-RWAIAPU5": {
      "file": "chunk-RWAIAPU5.js"
    },
    "chunk-RPYSCQZX": {
      "file": "chunk-RPYSCQZX.js"
    },
    "chunk-OFFUERDU": {
      "file": "chunk-OFFUERDU.js"
    },
    "chunk-O3N6M2GK": {
      "file": "chunk-O3N6M2GK.js"
    },
    "chunk-65ZZGIQZ": {
      "file": "chunk-65ZZGIQZ.js"
    },
    "chunk-M4JKZZEO": {
      "file": "chunk-M4JKZZEO.js"
    },
    "chunk-6YORUHYZ": {
      "file": "chunk-6YORUHYZ.js"
    },
    "chunk-P6KP6LEN": {
      "file": "chunk-P6KP6LEN.js"
    },
    "chunk-ZSY7TSMJ": {
      "file": "chunk-ZSY7TSMJ.js"
    },
    "chunk-5OGPSL7A": {
      "file": "chunk-5OGPSL7A.js"
    },
    "chunk-X6H3JEIU": {
      "file": "chunk-X6H3JEIU.js"
    },
    "chunk-WDMUDEB6": {
      "file": "chunk-WDMUDEB6.js"
    }
  }
}